Unnamed: 0,review_text,proportion_of_emotional_content_in_review,proportion_of_adjectives_in_review,readability_of_review,analytic_writing_style,ebm_prediction,model_prediction,natural_language_explanation,feature_contributions
0,"""The Hotel Allegro Chicago was an excellent choice for my recent trip. The room was clean, comfortable, and well-appointed. The staff were friendly and accommodating, and went above and beyond to make my stay enjoyable. The location was also great, with easy access to all the city's best attractions. I would highly recommend this hotel to anyone visiting Chicago.""",11.86,11.86,52.245,77.08,Deceptive,Deceptive,"The model flagged this review as 'Deceptive' primarily due to several linguistic cues. Firstly, the high **proportion of emotional content (11.8600)** contributed **-2.5163** toward 'Deceptive', suggesting the reviewer might be overstating their experience. Similarly, the **proportion of adjectives (11.8600)** added **-0.5077**, indicating possible exaggeration in describing the hotel. The **readability score (52.2450)** significantly pushed the prediction toward 'Deceptive' with a contribution of **-3.0368**, implying the review may be too polished or formulaic. Lastly, the **analytic writing style (77.0800)** contributed **-0.4639**, hinting at a lack of personal, genuine tone. Together, these features suggest the review might not reflect an authentic guest experience.","{'proportion_of_emotional_content_in_review': -2.5163, 'proportion_of_adjectives_in_review': -0.5077, 'readability_of_review': -3.0368, 'analytic_writing_style': -0.4639}"
1,"We needed an extra night in Chicago after a gratus stay at The Penninsula and won a SkyAuction bid for The James @ $203. This is one of the nicest hotels that I've ever stayed in. Bathroom aside, we felt it equalled The Penninsula in comfort and level of service. I echo all of the superlatives previously written and would love to stay here anytime I'm in town.",7.46,2.99,65.47200012,91.43,Genuine,Genuine,"The model predicted this review as 'Genuine' primarily due to the high proportion of emotional content (7.4600) and adjectives (2.9900), which contributed positively (1.1331 and 0.9857, respectively) toward authenticity. The emotional tone and descriptive language, such as ""one of the nicest hotels"" and ""superlatives previously written,"" align with genuine expressions of satisfaction. While the readability score (65.4720) and analytic writing style (91.4300) slightly pushed the prediction toward 'Deceptive' (–1.2549 and –0.3175, respectively), their impact was outweighed by the stronger evidence from emotional and descriptive elements, confirming the review’s authenticity.","{'proportion_of_emotional_content_in_review': 1.1331, 'proportion_of_adjectives_in_review': 0.9857, 'readability_of_review': -1.2549, 'analytic_writing_style': -0.3175}"
2,"""The Millennium Knickerbocker Hotel Chicago is a top-notch hotel in every way. The room was comfortable, clean, and well-appointed, and the staff were incredibly friendly and helpful. The hotel's restaurant and bar were also excellent, offering delicious food and drinks. I highly recommend this hotel.""",13.33,8.89,45.50875,46.31,Deceptive,Deceptive,"The model predicted this review as 'Deceptive' primarily due to two key features. First, the **proportion of emotional content (13.33%)** contributed **−2.0467**, suggesting the review may overuse emotional language, a tactic often seen in fake reviews. Second, the **readability score (45.5087)** contributed **−3.1977**, indicating the text is overly simple, which can signal inauthenticity. While the **proportion of adjectives (8.89%)** contributed **+0.4322** (evidence for 'Genuine') and the **analytic writing style (46.3100)** contributed **+1.3725** (also 'Genuine'), these were outweighed by the stronger deceptive signals from emotional content and readability. This balance of features led the model to lean toward 'Deceptive.'","{'proportion_of_emotional_content_in_review': -2.0467, 'proportion_of_adjectives_in_review': 0.4322, 'readability_of_review': -3.1977, 'analytic_writing_style': 1.3725}"
3,"""I had a wonderful stay at the Fairmont Chicago Millennium Park. The hotel is located in a great area, with easy access to many of the city's top sights. The room was clean and comfortable, with a beautiful view of the city. The staff were friendly and went out of their way to make my stay enjoyable.""",12.28,15.79,67.697566,99.0,Genuine,Genuine,"The model predicted this review as 'Genuine' primarily due to the high readability score of **67.6976**, which contributed **0.8148** toward 'Genuine,' indicating clear and straightforward language typical of authentic reviews. Additionally, the analytic writing style score of **99.0000** further supported genuineness with a contribution of **1.7140**, reflecting a factual and objective tone in the review. While the proportion of emotional content (**12.2800**) and adjectives (**15.7900**) contributed **-2.5585** and **-0.6893** toward 'Deceptive,' respectively, these features were outweighed by the strong evidence from readability and writing style, ultimately leading to a 'Genuine' prediction.","{'proportion_of_emotional_content_in_review': -2.5585, 'proportion_of_adjectives_in_review': -0.6893, 'readability_of_review': 0.8148, 'analytic_writing_style': 1.714}"
4,"""I had an amazing stay at the Hyatt Regency Chicago. The room was spacious and comfortable, and the staff was incredibly friendly and helpful. The location was perfect, right in the heart of the city, and the amenities offered like the fitness center and indoor pool were great. I would definitely recommend this hotel to anyone visiting Chicago.""",13.79,6.9,50.631293,80.59,Deceptive,Deceptive,"The model predicted this review as 'Deceptive' primarily due to several key features. First, the **proportion of emotional content** (13.7900) contributed negatively (-2.0968), suggesting the review may overuse emotional language, which is often a tactic in fake reviews. Second, the **readability score** (50.6313) had a strong negative contribution (-3.1227), indicating the text might be too simple or formulaic, a common trait in deceptive reviews. Additionally, the **analytic writing style** (80.5900) slightly pushed the prediction toward 'Deceptive' (-0.3986), hinting at a lack of personal, nuanced detail. While the **proportion of adjectives** (6.9000) provided some evidence for 'Genuine' (0.5627), it wasn’t enough to outweigh the other features. Together, these signals led the model to classify the review as likely deceptive.","{'proportion_of_emotional_content_in_review': -2.0968, 'proportion_of_adjectives_in_review': 0.5627, 'readability_of_review': -3.1227, 'analytic_writing_style': -0.3986}"
5,"""I recently stayed at the InterContinental Chicago and it was a great experience. The hotel is located in a perfect spot, close to all the main attractions. The room was spacious and clean, and the staff were friendly and attentive. I would definitely recommend this hotel.""",10.87,15.22,59.066848,72.44,Deceptive,Deceptive,"The model predicted this review as 'Deceptive' based on several key features. First, the **proportion of emotional content (10.8700)** contributed **-1.5432** toward 'Deceptive', suggesting the review may lack genuine emotional depth despite positive language. Second, the **high proportion of adjectives (15.2200)** contributed **-0.8843**, indicating potential exaggeration or over-polishing in describing the hotel. Additionally, the **readability score (59.0668)** contributed **-1.5347**, implying the text may be too simplistic or formulaic for an authentic review. Finally, the **analytic writing style (72.4400)** contributed **-0.4224**, hinting at a detached or overly structured tone rather than a personal, genuine account. Together, these features suggest the review may be crafted to appear positive rather than reflect a real experience.","{'proportion_of_emotional_content_in_review': -1.5432, 'proportion_of_adjectives_in_review': -0.8843, 'readability_of_review': -1.5347, 'analytic_writing_style': -0.4224}"
6,This was a great hotel right in the heart of the Chicago Loop. Within walking distance to the downtown attractions. Parking is expensive ($50 p/nt) so we parked at a free remote location (recreation drive) since we weren't planning on driving once we checked in. The staff was friendly and helpful. The rooms are large and clean.,10.34,12.07,78.70200348,86.97,Genuine,Genuine,"The model predicted this review as 'Genuine' primarily due to the high **readability score of 78.7020**, which strongly contributed **+4.7639** toward 'Genuine,' indicating the review is clear and easy to understand, a trait often associated with authentic reviews. While the **proportion of emotional content (10.3400)** and **adjectives (12.0700)** both contributed negatively (**-0.6407** and **-0.6467**, respectively), suggesting potential evidence for 'Deceptive,' their impact was outweighed by the readability score. Additionally, the **analytic writing style score of 86.9700** had a minor negative contribution of **-0.3332** toward 'Deceptive,' but its effect was negligible. Overall, the review’s straightforward language and clarity aligned with genuine feedback, tipping the prediction in favor of 'Genuine.'","{'proportion_of_emotional_content_in_review': -0.6407, 'proportion_of_adjectives_in_review': -0.6467, 'readability_of_review': 4.7639, 'analytic_writing_style': -0.3332}"
7,"We just returned from a girls shopping /sight-seeing trip.The Palmer House was like home away from home.The hotel is undergoing renovations but we did not notice any inconveniences or hear any noise from the work.The lobby was breathtaking, all dressed up for Christmas.The staff from check-in to housekeeping was very welcoming and friendly.Our room was updated with two beds and two separate baths which was great for everyone to have their own personal space.I would not hesitate to recommend this hotel to anyone.Chicago is a great town.",7.45,5.32,47.62200165,77.99,Deceptive,Deceptive,"The model predicted this review as 'Deceptive' primarily due to two key features. The **readability score of 47.6220** contributed **-3.1790** toward 'Deceptive,' suggesting the text is unusually easy to read, which can indicate a crafted or insincere review. Additionally, the **analytic writing style score of 77.9900** contributed **-0.4634** toward 'Deceptive,' implying the review lacks personal or emotional depth despite its positive tone. While the **proportion of emotional content (7.4500)** and **adjectives (5.3200)** provided evidence for 'Genuine' with contributions of **1.1331** and **0.4629** respectively, the strong negative pull from readability and writing style tipped the prediction toward 'Deceptive.'","{'proportion_of_emotional_content_in_review': 1.1331, 'proportion_of_adjectives_in_review': 0.4629, 'readability_of_review': -3.179, 'analytic_writing_style': -0.4634}"
8,"I loved this hotel - reasonable for downtown Chicago, an older hotel with a great reno (a bit over-the-top design, but still very lovely and charming), clean rooms, and very friendly staff. They're also amazingly pet-friendly - they welcomed our 130lb Mastiff cross with a gift bag (treats and directions to an off-leash area), and even had a cute blackboard with visiting dog's names on it.",12.5,12.5,42.63299942,66.51,Deceptive,Deceptive,"The model flagged this review as 'Deceptive' primarily due to several linguistic cues. Firstly, the review's emotional tone, with a **12.5000** proportion of emotional content, contributed **-2.5676** to the deceptive prediction, suggesting an overly enthusiastic sentiment. Similarly, the high number of adjectives (**12.5000**) used in the review, like ""great,"" ""lovely,"" and ""amazingly,"" added **-0.5294** to the deceptive score, indicating potential exaggeration. The review's readability score of **42.6330** also played a role, contributing **-2.8126**, which might imply a more simplistic writing style than expected for genuine feedback. Lastly, the analytic writing style feature, with a value of **66.5100**, slightly pushed the prediction towards deceptive with a **-0.4065** contribution, possibly due to the structured and detailed nature of the review, which could be a tactic to appear more credible. These features, when analyzed together, led the model to question the authenticity of the review.","{'proportion_of_emotional_content_in_review': -2.5676, 'proportion_of_adjectives_in_review': -0.5294, 'readability_of_review': -2.8126, 'analytic_writing_style': -0.4065}"
9,"My boyfriend and I were amazed by the breathtaking view of Lake Michigan! We are from Texas so the view of the city was very important to us. We had no problems at this hotel... rooms, service, location were top notch.",7.32,7.32,75.79199982,48.44,Genuine,Genuine,"The model predicted this review as 'Genuine' primarily due to several key features. First, the **proportion of emotional content** (7.3200) contributed **1.1651** toward 'Genuine,' indicating the reviewer’s genuine amazement at the view of Lake Michigan. Second, the **proportion of adjectives** (7.3200) added **0.3642** to the 'Genuine' prediction, reflecting the descriptive praise for the hotel’s rooms, service, and location. Additionally, the **readability score** (75.7920) strongly supported 'Genuine' with a contribution of **4.6325**, suggesting the review is clear and easy to understand, typical of authentic feedback. Lastly, the **analytic writing style** (48.4400) contributed **1.3593** toward 'Genuine,' as the review balances personal experience with objective observations about the hotel’s quality. Together, these features align with the authenticity of the review.","{'proportion_of_emotional_content_in_review': 1.1651, 'proportion_of_adjectives_in_review': 0.3642, 'readability_of_review': 4.6325, 'analytic_writing_style': 1.3593}"
10,"Stayed here on business a few nights and really liked it. Very attractive, classy and comfortable hotel that's got an element of sexy and sharp. Public spaces are very nice, with an open area bar in the front lobby and nice sitting areas. Rooms are lovely as well, with handsome fixtures and furniture, a terrific desk work space and comfortable bed. Bathroom amenities and fixtures are sleek and attractive as well. Best of all, the hotel has breathtaking views of the city and the water - both the river and the lake. If you're working in the area, it's the best choice for that part of town, and I prefer it to the nearby Hyatt and Monaco.",12.07,15.52,69.44799805,74.78,Deceptive,Deceptive,"The model predicted this review as 'Deceptive' primarily due to several key features. First, the **proportion of emotional content** (12.0700) contributed significantly toward 'Deceptive' with a score of -2.5304, suggesting the review may overuse emotional language to sway opinions. Similarly, the **proportion of adjectives** (15.5200) added evidence for 'Deceptive' with a score of -0.8924, indicating an excessive use of descriptive words like ""attractive,"" ""classy,"" and ""breathtaking,"" which could be seen as over-embellished. Additionally, the **analytic writing style** (74.7800) slightly pushed the prediction toward 'Deceptive' with a score of -0.4315, hinting at a more calculated or formulaic approach. While the **readability score** (69.4480) provided evidence for 'Genuine' with a positive contribution of 1.6151, suggesting the review is easy to understand, it wasn’t enough to outweigh the other deceptive signals. Together, these features led the model to classify the review as likely deceptive.","{'proportion_of_emotional_content_in_review': -2.5304, 'proportion_of_adjectives_in_review': -0.8924, 'readability_of_review': 1.6151, 'analytic_writing_style': -0.4315}"
11,"""I recently stayed at the InterContinental Chicago for a romantic getaway and it was truly memorable. The hotel is beautifully designed and decorated, the service was impeccable, and the room was spacious and comfortable. I would definitely recommend this hotel to anyone looking for a special vacation.""",12.77,6.38,27.133333,55.01,Genuine,Genuine,"The model predicted this review as 'Genuine' primarily due to several key features. Despite the **proportion of emotional content** being relatively high at **12.7700**, its contribution score was **negative (-2.0154)**, suggesting it leaned toward 'Deceptive'. However, this was outweighed by the **proportion of adjectives** at **6.3800**, which contributed **positively (0.5340)** toward 'Genuine', aligning with the review's descriptive language like ""beautifully designed"" and ""impeccable service"". Additionally, the **readability score** of **27.1333** contributed **0.4393** toward 'Genuine', reflecting the review's clear and coherent structure. Finally, the **analytic writing style** score of **55.0100** added **0.2462** toward 'Genuine', indicating a balanced and thoughtful tone, consistent with the review's detailed and sincere feedback. Together, these features tipped the prediction in favor of 'Genuine'.","{'proportion_of_emotional_content_in_review': -2.0154, 'proportion_of_adjectives_in_review': 0.534, 'readability_of_review': 0.4393, 'analytic_writing_style': 0.2462}"
12,"""I recently stayed at Ambassador East Hotel Chicago and it was a fantastic experience. The room was clean and comfortable, with great views of the city. The staff was friendly and helpful, and the location was perfect for exploring the city. The hotel amenities were top-notch, from the fitness center to the on-site restaurant. I highly recommend this hotel.""",13.56,11.86,58.537246,93.46,Deceptive,Deceptive,"The model flagged this review as 'Deceptive' primarily due to several linguistic cues. Firstly, the review's high proportion of emotional content (13.56%) contributed negatively (-2.0611), suggesting an overly enthusiastic tone that might be insincere. Similarly, the frequent use of adjectives (11.86%) with a negative contribution (-0.5077) could indicate an attempt to exaggerate the experience. The readability score (58.5372) also played a role, as its negative contribution (-1.5560) might imply a review that's too polished or simplistic. Lastly, the analytic writing style (93.4600) slightly pushed the prediction towards 'Deceptive' (-0.0662), possibly due to a lack of personal, detailed insights one would expect in a genuine review. These features, when analyzed together, led the model to question the authenticity of this seemingly perfect hotel stay.","{'proportion_of_emotional_content_in_review': -2.0611, 'proportion_of_adjectives_in_review': -0.5077, 'readability_of_review': -1.556, 'analytic_writing_style': -0.0662}"
13,"I'll keep it short. My wife, daughter and I stayed at this hotel for 3 nights. We go on several vacations a year and this was a great hotel. Location: It is located in the center of the Magnificent Mile (Michigan Ave.), so it is near or easily accessible to everything you might want to do. Hotel: The hotel itself is very clean, as were the rooms. Maid service was excellent, including 2x daily cleaning and turndown service (I think they missed a night). Service: Every staff member we encountered was super friendly and kind. They always have someone at the lobby door greeting you with a smile. Every night we had milk and cookies waiting in our room (sometimes chocolates on our pillows). They always pushed the elevator button for you if they were near it. There was no shortage of people to ask things. My only conplaint was that the congierge was tough to get. They shouuld have more than one, or longer hours. Other: We had breakfast in the 676 Restaurant and it was very good, and well attended, appointed. They even carried my wifes plate to the table from the buffet. The pool was a nice addition and a hit with the kids. It was nice to go for a swim after a long day of walking. Pool and changing areas were spotless. Room: Clean, sunny and spacious. Probably over 400 sq. ft. - 2 TVs, couch, desk, chairs - all in perfect shape. The windows open for some fresh air. Pillows were pretty comfortable. With all aspects considered, I think this was an unbeatable value! I would not hesitate to stay again or recommend it to a friend. I truly have nothing negative to say about the hotel. It was a wonderful stay and we will miss being there. Omni has hit the right formula to make a guest feel like a welcomed person as opposed to just a nuisance or a number. The airlines have cornered the market on that.",7.78,7.78,76.66999817,63.6,Genuine,Genuine,"The model predicted this review as 'Genuine' primarily due to several key features. The **proportion of emotional content** (7.7800) contributed **1.0911** toward 'Genuine,' reflecting the reviewer's heartfelt appreciation for the hotel's service and amenities, such as the milk and cookies and friendly staff. The **proportion of adjectives** (7.7800) added **0.3058** to the 'Genuine' prediction, aligning with the detailed, positive descriptions like ""spotless"" pool areas and ""sunny and spacious"" rooms. Additionally, the **readability score** (76.6700) significantly contributed **4.6758** toward 'Genuine,' indicating the review's clear, conversational tone. While the **analytic writing style** (63.6000) slightly pushed the prediction toward 'Deceptive' with a contribution of **-0.9056**, this was outweighed by the strong evidence from the other features, confirming the review's authenticity.","{'proportion_of_emotional_content_in_review': 1.0911, 'proportion_of_adjectives_in_review': 0.3058, 'readability_of_review': 4.6758, 'analytic_writing_style': -0.9056}"
14,"I had a wonderful stay at the Amalfi Hotel Chicago. The room was comfortable and had all the amenities I needed. The staff were friendly and accommodating, and the location was perfect for sightseeing. I will definitely be back!",10.26,10.26,53.769519,53.56,Deceptive,Deceptive,"The model flagged this review as 'Deceptive' primarily due to two key factors. First, the high **proportion of emotional content (10.2600)** contributed **-0.6399** toward 'Deceptive,' suggesting the reviewer may be overstating their experience with excessive positivity. Second, the **readability score (53.7695)** contributed **-2.9930** toward 'Deceptive,' indicating the review is unusually simple or formulaic, which is often a red flag for inauthenticity. While the **proportion of adjectives (10.2600)** and **analytic writing style (53.5600)** provided minor evidence for 'Genuine' with contributions of **0.2521** and **0.2727** respectively, their impact was outweighed by the stronger deceptive signals. Together, these features suggest the review may not reflect a genuine guest experience.","{'proportion_of_emotional_content_in_review': -0.6399, 'proportion_of_adjectives_in_review': 0.2521, 'readability_of_review': -2.993, 'analytic_writing_style': 0.2727}"
15,"""I recently stayed at The Affinia Chicago and it was a fantastic experience. The room was clean and comfortable, with great views of the city. The staff was friendly and helpful, and the location was perfect for exploring the city. I highly recommend this hotel.""",17.78,13.33,60.05625,86.15,Deceptive,Deceptive,"The model flagged this review as 'Deceptive' primarily due to a few key linguistic patterns. Firstly, the review's emotional tone, measured at 17.78%, contributed negatively (-2.2664) to the prediction, suggesting an overly positive sentiment that might be insincere. Similarly, the high proportion of adjectives (13.33%) with a negative contribution (-0.8353) could indicate an attempt to exaggerate the experience. The readability score of 60.0562, while decent, pushed the prediction towards 'Deceptive' (-1.5237), possibly due to a simplistic writing style. Lastly, the analytic writing style score of 86.1500, despite being high, provided minor evidence for deception (-0.3412), implying a lack of personal, detailed insights one might expect from a genuine review. These features collectively suggest a review that might be too good to be true.","{'proportion_of_emotional_content_in_review': -2.2664, 'proportion_of_adjectives_in_review': -0.8353, 'readability_of_review': -1.5237, 'analytic_writing_style': -0.3412}"
16,"I had a wonderful stay at the Conrad Chicago. The room was comfortable and had all the amenities I needed. The staff were friendly and helpful, and the location was perfect for sightseeing. I will definitely be back!",13.16,10.53,63.613553,52.34,Deceptive,Deceptive,"The model predicted this review as 'Deceptive' primarily due to two key features. First, the **proportion of emotional content** in the review was **13.1600**, which contributed **-2.0380** toward 'Deceptive,' suggesting the emotional tone might be exaggerated. Second, the **readability score** of **63.6136** contributed **-1.0823** toward 'Deceptive,' indicating the review may be overly polished or formulaic. While the **proportion of adjectives (10.5300)** and **analytic writing style (52.3400)** provided minor evidence for 'Genuine' with contributions of **0.2348** and **0.2812** respectively, their impact was outweighed by the stronger deceptive signals from the other features.","{'proportion_of_emotional_content_in_review': -2.038, 'proportion_of_adjectives_in_review': 0.2348, 'readability_of_review': -1.0823, 'analytic_writing_style': 0.2812}"
17,"I recently stayed at the Fairmont Chicago and found it to be a fantastic hotel. Staff was always courteous and helpful - from the front desk staff at check-in to wait staff in Aria restaurant, to the maid who cleaned my room. The rooms were recently updated, with large flat-screen TV's, beautiful linens, and exceptional toiletries in each room. My room even had a view of Monroe St. harbor. It is truly a first-rate hotel. Location is south of the river and east of Michigan Ave -- as we normally stay north of the river it seems a little out of the way (if that's possible in downtown Chicago), however its location significantly lowers street noise. The hotel has excellent access to Millennium Park, the Aon center (there is a connecting concourse), and is about 4 blocks from shopping on North Michigan Ave. I ate dinner in Aria and it was fantastic! Room service for breakfast was quite good as well. Overall, I'd stay again in a minute if I had business in the loop, or leisure plans in Millennium or Grant Parks.",6.08,4.97,63.54299927,81.01,Genuine,Genuine,"The model predicted this review as 'Genuine' primarily due to the high proportion of emotional content (6.0800), which significantly contributed 1.0836 toward the 'Genuine' label, reflecting the reviewer’s authentic enthusiasm for their stay. The moderate use of adjectives (4.9700) also supported this, adding 0.4843 to the 'Genuine' prediction by highlighting specific, detailed praise for the hotel’s amenities and staff. While the readability score (63.5430) contributed -1.0842 toward 'Deceptive' and the analytic writing style (81.0100) added -0.3942, these features were outweighed by the emotional and descriptive elements that aligned with genuine, heartfelt feedback. Overall, the review’s balance of personal experience and specific details tipped the prediction toward authenticity.","{'proportion_of_emotional_content_in_review': 1.0836, 'proportion_of_adjectives_in_review': 0.4843, 'readability_of_review': -1.0842, 'analytic_writing_style': -0.3942}"
18,"""I had a fantastic stay at the Homewood Suites by Hilton Chicago Downtown. The room was spacious and comfortable, and the staff was incredibly friendly and helpful. The location was perfect for exploring the city, and the free breakfast and evening reception were a nice touch. I would highly recommend this hotel to anyone visiting Chicago.""",14.29,10.71,53.639286,76.24,Deceptive,Deceptive,"The model predicted this review as 'Deceptive' primarily due to several key features. First, the **proportion of emotional content** (14.29%) contributed **−2.1102**, suggesting overly positive language that might be insincere. Second, the **readability score** (53.6393) contributed **−2.9946**, indicating the text was simpler than expected for a genuine review, possibly signaling a template or rushed writing. Additionally, the **analytic writing style** (76.24) contributed **−0.4639**, hinting at a lack of personal detail or nuance. While the **proportion of adjectives** (10.71%) slightly supported genuineness with a contribution of **+0.2222**, the stronger evidence from the other features pushed the prediction toward 'Deceptive.'","{'proportion_of_emotional_content_in_review': -2.1102, 'proportion_of_adjectives_in_review': 0.2222, 'readability_of_review': -2.9946, 'analytic_writing_style': -0.4639}"
19,"We stayed at the Intercontinental for three nights last weekend. It is a located in a fantastic spot on the Magnificent Mile, right near the Chicago River and the NBC building. We had a double room in the main tower. The room was very clean and updated. The staff were very friendly and helpful. The negatives about this hotel is that you have to pay extra to use the fitness centre and internet access. Also, parking is high ($45 valet/day). Overall, we had a great stay and would recommend this hotel. We paid $90 on Priceline and felt that this was a reasonable price.",6.67,11.43,71.73100281,75.12,Genuine,Genuine,"The model predicted this review as 'Genuine' primarily due to several key features. The **proportion of emotional content (6.6700)** contributed **1.1867** toward 'Genuine,' suggesting the reviewer’s sentiments felt authentic and balanced. The **proportion of adjectives (11.4300)** added **0.1026** to 'Genuine,' indicating descriptive language typical of genuine reviews. Additionally, the **readability score (71.7310)** contributed **3.5237** toward 'Genuine,' reflecting clear and straightforward writing. While the **analytic writing style (75.1200)** slightly pushed the prediction toward 'Deceptive' with a contribution of **-0.4332**, the overall evidence from the other features overwhelmingly supported the 'Genuine' classification.","{'proportion_of_emotional_content_in_review': 1.1867, 'proportion_of_adjectives_in_review': 0.1026, 'readability_of_review': 3.5237, 'analytic_writing_style': -0.4332}"
20,"""I recently stayed at the Amalfi Hotel Chicago and had a fantastic experience. The room was comfortable and well-appointed, and the staff went above and beyond to make sure I had everything I needed. The location was great, with easy access to all the best attractions in the city. Highly recommend!""",7.84,7.84,56.978462,91.99,Genuine,Genuine,"The model predicted this review as 'Genuine' primarily due to the high proportion of emotional content (7.8400) and adjectives (7.8400), which contributed positively with scores of 1.0716 and 0.2832, respectively, indicating genuine sentiment and descriptive language typical of authentic reviews. Although the readability score (56.9785) and analytic writing style (91.9900) contributed negatively with scores of -1.9040 and -0.3778, suggesting potential deceptive elements, their impact was outweighed by the strong emotional and descriptive features. The review’s heartfelt tone and specific praise for the room, staff, and location align with the features favoring genuineness, tipping the prediction in that direction.","{'proportion_of_emotional_content_in_review': 1.0716, 'proportion_of_adjectives_in_review': 0.2832, 'readability_of_review': -1.904, 'analytic_writing_style': -0.3778}"
21,"""Ambassador East Hotel Chicago was a great choice for my stay in the city. The room was comfortable and well-appointed, and the staff were friendly and helpful. The location was perfect for exploring the city, with easy access to all the best attractions. I would definitely stay here again.""",10.2,12.24,62.1715,86.45,Deceptive,Deceptive,"The model flagged this review as 'Deceptive' primarily due to several linguistic cues. Firstly, the review's high proportion of emotional content (10.2000) and adjectives (12.2400) contributed negatively, suggesting an overly enthusiastic tone that might be insincere. The readability score of 62.1715 also played a significant role, indicating the text is simpler than expected for genuine reviews, which often include more varied language. Additionally, the analytic writing style score of 86.4500, while high, surprisingly provided evidence for deception, possibly due to an overly structured and less personal narrative. These features collectively paint a picture of a review that might be crafted to mislead rather than reflect an authentic experience.","{'proportion_of_emotional_content_in_review': -0.6972, 'proportion_of_adjectives_in_review': -0.6618, 'readability_of_review': -1.2655, 'analytic_writing_style': -0.3388}"
22,I stayed here for about a week during a conference and the service was excellent. In addition to the excellent service the location was great. With quick access to Michigan Ave.. The bars and Shula's restaurant were excellent. You must have the rib-eye steak...very well done.,10.64,10.64,64.20200348,89.52,Deceptive,Deceptive,"The model flagged this review as 'Deceptive' primarily due to three key factors. First, the **proportion of emotional content (10.6400)** contributed **-0.7110** toward 'Deceptive,' suggesting the review lacks genuine emotional depth despite positive remarks about service and location. Second, the **readability score (64.2020)** strongly pushed the prediction toward 'Deceptive' with a contribution of **-0.9980**, indicating the text may be overly simplistic or formulaic. Lastly, the **analytic writing style (89.5200)** contributed **-0.3282** to 'Deceptive,' hinting at an unnatural or overly structured tone. While the **proportion of adjectives (10.6400)** provided a slight +0.2290 push toward 'Genuine,' the other features overwhelmingly outweighed this, leading to the 'Deceptive' prediction.","{'proportion_of_emotional_content_in_review': -0.711, 'proportion_of_adjectives_in_review': 0.229, 'readability_of_review': -0.998, 'analytic_writing_style': -0.3282}"
23,"Stayed here for two days while attending Lollopalooza music festival. One of the best locations in Chicago, on Michigan Ave near the Tribune and Sun-Times buildings. An easy walk or bus ride to many attractions. The King sized room was very nice, not large, but with a generous bathroom. Service was excellent throughout. Check out the awesome swimming pool, straight out of twenties.",7.94,12.7,67.24700165,98.6,Genuine,Genuine,"The model predicted this review as 'Genuine' primarily due to several key features. The **proportion of emotional content (7.9400)** contributed **1.0558** toward 'Genuine,' suggesting the reviewer's genuine enthusiasm, as seen in phrases like ""one of the best locations"" and ""awesome swimming pool."" The **analytic writing style (98.6000)** further supported this with a contribution of **1.7119**, indicating a structured, factual tone consistent with authentic reviews. Additionally, the **readability score (67.2470)** added **0.2517** toward 'Genuine,' reflecting the review's clear and accessible language. While the **proportion of adjectives (12.7000)** contributed **-0.7912** toward 'Deceptive,' this was outweighed by the other features, as the adjectives used (e.g., ""nice,"" ""generous,"" ""easy"") were specific and contextually appropriate, aligning with a genuine experience.","{'proportion_of_emotional_content_in_review': 1.0558, 'proportion_of_adjectives_in_review': -0.7912, 'readability_of_review': 0.2517, 'analytic_writing_style': 1.7119}"
24,"In a very nice location close to shopping and places to eat and also in a beautiful neighborhood. A small hotel with a pleasant place to sit in the lobby, the Pump Room is a classic place to have a drink. We did not have dinner there so I can not comment but we enjoyed people watching while we had an afternoon drink looking out the window at the people in the neighborhood. It is a short walk to very good shopping and eating.",5.95,8.33,71.73300171,87.8,Genuine,Genuine,"The model predicted this review as 'Genuine' primarily due to several key features. The **proportion of emotional content** (5.9500) contributed significantly with a score of 1.4980, suggesting genuine sentiment as the reviewer expresses enjoyment in people-watching and the neighborhood. The **proportion of adjectives** (8.3300), with a contribution of 0.1387, also leaned toward genuineness, reflecting the reviewer's descriptive yet balanced use of words like ""nice,"" ""beautiful,"" and ""pleasant."" Additionally, the **readability score** (71.7330) contributed 3.5237, indicating the review is clear and easy to understand, a trait often associated with genuine reviews. While the **analytic writing style** (87.8000) slightly pushed toward 'Deceptive' with a contribution of -0.2803, its impact was minimal compared to the strong evidence from the other features. Overall, the review’s emotional tone, descriptive language, and readability aligned with genuine feedback.","{'proportion_of_emotional_content_in_review': 1.498, 'proportion_of_adjectives_in_review': 0.1387, 'readability_of_review': 3.5237, 'analytic_writing_style': -0.2803}"
25,"""I recently stayed at the Talbott Hotel Chicago and it was a great experience. The room was spacious, clean, and had all the amenities I needed. The staff were incredibly friendly and helpful, and the location was perfect for exploring the city. I would highly recommend this hotel to anyone.""",12.0,8.0,57.0955,57.7,Deceptive,Deceptive,"The model predicted this review as 'Deceptive' primarily due to several key features. First, the **proportion of emotional content** (12.0000) contributed **-2.5274**, strongly suggesting the review might be exaggerated or insincere, as overly emotional language can be a red flag for deception. Second, the **readability score** (57.0955) contributed **-1.8934**, indicating the review’s simplicity might align with deceptive patterns rather than genuine, nuanced feedback. While the **proportion of adjectives** (8.0000) slightly favored 'Genuine' with a contribution of **0.2721**, this was outweighed by the other features. Lastly, the **analytic writing style** (57.7000) added a minor **-0.0830**, further tilting the prediction toward 'Deceptive'. Together, these features suggest the review may lack authenticity despite its positive tone.","{'proportion_of_emotional_content_in_review': -2.5274, 'proportion_of_adjectives_in_review': 0.2721, 'readability_of_review': -1.8934, 'analytic_writing_style': -0.083}"
26,"My wife and I stayed at the James recently and we had a great experience. The hotel as others have mentioned is in an ideal location. It's in a quiet location, yet so close to many neighborhoods that you want to go to. We upgraded to a studio room which was totally worth the additional cost. It didnt have all the midcentury furniture that the website photos have, but it was elegantly appointed, spacious, and as we were on the inside of the building very quiet. The service was amazing. Everyone was extremely friendly and helpful, as well as knowledgeable. This was true from the doormen at the front, to people at the desk and the servers in the restaurant. Both Concierges that we dealt with had great suggestions, and were able to understand our style and sensibilities when helping us out. The breakfast at Prime downstairs is among the best I have ever had in a hotel, this goes for the room service as well. Dinner there was good, but not great. I mentioned almost flawless, as there was a situation that occurred involving the Spa in the hotel. It involved scheduling and was aggravating, as the hotel actively encourages its use. However, Caroline who is one of the hotel managers did an amazingly competent job of making sure that we were satisfied, following up on progress and was a true pleasure to deal with. The experience could have left a very bad taste in my mouth but was resolved quickly. Overall, we left extremely satisfied with our stay and look forward to many future visits.",6.37,6.74,62.00299835,64.64,Genuine,Genuine,"The model predicted this review as 'Genuine' primarily due to the high proportion of emotional content (6.3700) and adjectives (6.7400), which contributed positively (1.0152 and 0.5011, respectively) toward authenticity. These features align with the reviewer's detailed, heartfelt descriptions of their experience, such as praising the service, room, and breakfast. However, the readability score (62.0030) and analytic writing style (64.6400) contributed negatively (-1.2745 and -0.9102, respectively), suggesting a more polished writing style that could be associated with deception. Despite this, the strong emotional and descriptive elements outweighed these concerns, leading the model to confidently classify the review as genuine.","{'proportion_of_emotional_content_in_review': 1.0152, 'proportion_of_adjectives_in_review': 0.5011, 'readability_of_review': -1.2745, 'analytic_writing_style': -0.9102}"
27,I stayed at the Hyatt for a two nights on a business trip. My room was oddly shaped to give a stunning view of the river and NBC Building. Both the room and the bathroom were spotless and the room had an air purifier which ran silently. The hotel was well staffed with individuals who were knowledgeable about both the hotel and the surrounding area. I would not hesitate to stay here again and plan to return with my wife for a weekend.,2.41,2.41,76.87599945,91.09,Genuine,Genuine,"The model predicted this review as 'Genuine' primarily due to several key features. The **proportion of emotional content** (2.4100) contributed significantly with a score of **4.6054**, indicating genuine sentiment, likely from the reviewer’s appreciation of the room’s view and the hotel’s staff. The **proportion of adjectives** (2.4100) also supported genuineness with a contribution of **1.0043**, reflecting the detailed, descriptive language used to praise the room and amenities. Additionally, the **readability score** (76.8760) contributed **4.6817**, suggesting the review is clear and easy to understand, a hallmark of authentic feedback. While the **analytic writing style** (91.0900) slightly pushed toward 'Deceptive' with a contribution of **-0.3180**, its impact was minimal compared to the strong evidence from the other features, which collectively supported the 'Genuine' prediction.","{'proportion_of_emotional_content_in_review': 4.6054, 'proportion_of_adjectives_in_review': 1.0043, 'readability_of_review': 4.6817, 'analytic_writing_style': -0.318}"
