review_id,review_text,emo,adj,read,analytic,ebm_prediction,model_prediction,explanation,contributions,generator_model
29,"Have stayed at this hotel on several occasions and have never failed to be anything but delighted. Great Bar (draught Stella and Guinness) which was being upgraded at the end of March when I was last there, good food, lovely staff, large clean rooms, comfortable beds, spot on location for the Golden Mile, Joey's Pizzas next door are fantastic. Ignore any bad reviews you read about this hotel as the authors must either have been very unlucky or impossible to please. Highly recommended",10.84,14.46,57.60499954,41.85,Deceptive,Deceptive,"The model predicted this review as 'Deceptive' primarily because several features strongly indicated insincerity. The **proportion of emotional content (10.8400)** contributed the most, with a score of **-1.3398**, suggesting the review might be overly effusive or insincere, as seen in phrases like ""never failed to be anything but delighted"" and ""Highly recommended."" Additionally, the **proportion of adjectives (14.4600)** scored **-0.6608**, pointing to potential exaggeration, evident in terms like ""great,"" ""good,"" ""lovely,"" and ""fantastic."" The **readability score (57.6050)**, with a contribution of **-2.0557**, indicates the review is unusually easy to read, which could signal a crafted or insincere tone. While the **analytic writing style (41.8500)** provided a slight positive contribution of **0.5753** toward 'Genuine,' the features favoring 'Deceptive' outweighed this, leading to the overall prediction.","{""proportion_of_emotional_content_in_review"": -1.3398, ""proportion_of_adjectives_in_review"": -0.6608, ""readability_of_review"": -2.0557, ""analytic_writing_style"": 0.5753}",command-a-03-2025
30,"""I had an amazing stay at the Amalfi Hotel Chicago. The room was comfortable and well-appointed, and the staff went above and beyond to make sure I had everything I needed. The location was great, with easy access to all the best attractions in the city. Highly recommend!""",8.33,6.25,63.184923,94.18,Genuine,Genuine,"The model predicted this review as 'Genuine' despite mixed evidence from the features. The high proportion of emotional content (8.3300) strongly supported 'Genuine' with a contribution of 0.9781, reflecting the reviewer’s enthusiastic tone. The proportion of adjectives (6.2500) also leaned toward 'Genuine' with a contribution of 0.4853, aligning with the descriptive language used in the review. However, the readability score (63.1849) provided evidence for 'Deceptive' with a contribution of -1.3813, suggesting the text was overly simple, while the analytic writing style (94.1800) slightly favored 'Deceptive' with a contribution of -0.0836. On balance, the features leaned toward 'Deceptive' (total contribution -0.0015), but the model still predicted 'Genuine,' likely influenced by the stronger emotional and descriptive elements in the review.","{""proportion_of_emotional_content_in_review"": 0.9781, ""proportion_of_adjectives_in_review"": 0.4853, ""readability_of_review"": -1.3813, ""analytic_writing_style"": -0.0836}",command-a-03-2025
31,"""I recently stayed at the Millennium Knickerbocker Hotel Chicago for a romantic getaway and it was truly memorable. The hotel is beautifully designed and decorated, the service was impeccable, and the room was spacious and comfortable. I would definitely recommend this hotel to anyone looking for a special vacation.""",12.24,6.12,26.236259,56.86,Deceptive,Deceptive,"The model predicted this review as 'Deceptive' primarily because the high proportion of emotional content (12.2400) strongly pushed the prediction toward 'Deceptive' with a contribution of -1.6831. Additionally, the readability score (26.2363) further supported 'Deceptive' with a contribution of -0.6784, suggesting the text may be overly polished or formulaic. While the proportion of adjectives (6.1200) provided mild evidence for 'Genuine' (contribution 0.4903) and the analytic writing style (56.8600) slightly favored 'Genuine' (contribution 0.0200), the features supporting 'Deceptive' outweighed these, leading to the final prediction. The emotional tone and readability were the most influential factors in this decision.","{""proportion_of_emotional_content_in_review"": -1.6831, ""proportion_of_adjectives_in_review"": 0.4903, ""readability_of_review"": -0.6784, ""analytic_writing_style"": 0.02}",command-a-03-2025
32,"My wife and I stayed at the Ambassador East Hotel for the first 3 days of our honeymoon in mid-October. We decided to split our honeymoon up and stay in two different hotels so that we could experience different aspects and areas of Chicago in a week. I'll start out by saying that this was a great experience. At check-in, I indicated that we were on our honeymoon and were upgraded to a suite. The Ambassador East is probably a 10 to 15 minute walk from the North end of the Magnificent Mile. It is also just a 2 or 3 minute walk to a lot of great restaurants and bars on Rush. Our room itself was incredibly spacious and well appointed. Our suite (on the 3rd floor) had two very large closets, a large ""living room"" and a large bedroom. The bed was incredibly comfortable and the bathroom was nice enough. If I would have payed full price for this suite, I probably would have given it a rating of 4, but because the staff was so kind and because my wife and I had such a great time here, I decided to give it a five. It is also worth mentioning that the concierge was very helpful. My wife and I decided to eat at The Pump Room restaurant, but we were not very impressed. We found the food and service mediocre. The atmosphere was probably pretty neat when Sinatra used to eat there back in the day, but not anymore. Although we were unimpressed by the Pump Room, the staff were kind enough to seat us in the ""Sinatra Booth"" which was back in a corner and enclosed by curtains. That neat experience was really the only redeeming value of our meal here. The Ambassador East is an older hotel, but it is in a charming older neighborhood. The staff's kindness and overall charm of the hotel itself really impressed my wife and me. When we are in Chicago again, we will definitely consider staying at the Ambassador East again.",5.83,8.75,66.4960022,49.82,Genuine,Genuine,"The model predicted this review as 'Genuine' primarily due to the high proportion of emotional content (5.8300), which significantly contributed (+1.4128) to the prediction, reflecting the reviewer's personal experiences and sentiments, such as their honeymoon and appreciation for the staff's kindness. The proportion of adjectives (8.7500) also supported genuineness (+0.2071), as the detailed descriptions of the suite and neighborhood align with authentic, thoughtful feedback. While the readability score (66.4960) slightly favored deception (-0.0978), the analytic writing style (49.8200) reinforced genuineness (+0.4375), suggesting a balanced, structured narrative typical of honest reviews. Overall, the features favoring 'Genuine' outweighed the minor evidence for 'Deceptive,' with emotional content being the most influential factor.","{""proportion_of_emotional_content_in_review"": 1.4128, ""proportion_of_adjectives_in_review"": 0.2071, ""readability_of_review"": -0.0978, ""analytic_writing_style"": 0.4375}",command-a-03-2025
33,"The Conrad Chicago was a great choice for my business trip. The room was comfortable and quiet, and the staff were professional and friendly. The location was also perfect for my meetings. I would definitely stay here again.",10.53,13.16,65.839868,29.44,Deceptive,Deceptive,"The model predicted this review as 'Deceptive' primarily because the proportion of emotional content (10.5300) contributed the most (-1.0545) toward this classification, suggesting the review may lack genuine sentiment. Additionally, the high proportion of adjectives (13.1600) further supported 'Deceptive' with a contribution of -0.6022, indicating potential exaggeration. The readability score (65.8399) also leaned toward 'Deceptive' with a contribution of -0.4979, implying the review might be overly polished. While the analytic writing style (29.4400) provided evidence for 'Genuine' with a contribution of 0.5154, the features favoring 'Deceptive' outweighed this, leading to the final prediction.","{""proportion_of_emotional_content_in_review"": -1.0545, ""proportion_of_adjectives_in_review"": -0.6022, ""readability_of_review"": -0.4979, ""analytic_writing_style"": 0.5154}",command-a-03-2025
34,"The Conrad Chicago exceeded all of my expectations. From the moment I walked into the hotel, I was impressed with the stylish and modern decor. The room was spotless, and the amenities were top-notch. The bed was so comfortable that I didn't want to get out of it! The staff were extremely friendly and helpful, and always went above and beyond to make my stay as enjoyable as possible. I would highly recommend this hotel to anyone visiting Chicago.",7.59,7.59,61.114167,65.25,Genuine,Genuine,"The model predicted this review as 'Genuine' despite mixed evidence from the features. The **proportion of emotional content** (7.5900) strongly supported 'Genuine' with a contribution of 1.1401, reflecting the reviewer’s enthusiasm about the hotel’s decor, comfort, and staff. The **proportion of adjectives** (7.5900) also leaned toward 'Genuine' with a contribution of 0.3191, aligning with the descriptive language used in the review. However, the **readability score** (61.1142) provided evidence for 'Deceptive' with a contribution of -1.5317, suggesting the text was overly simple, and the **analytic writing style** (65.2500) further pushed toward 'Deceptive' with a contribution of -0.3568, indicating a structured tone. On balance, the evidence from these features leaned slightly toward 'Deceptive' (-0.4292), but the model’s final prediction was still 'Genuine'.","{""proportion_of_emotional_content_in_review"": 1.1401, ""proportion_of_adjectives_in_review"": 0.3191, ""readability_of_review"": -1.5317, ""analytic_writing_style"": -0.3568}",command-a-03-2025
35,"I vacationed at the Fairmont Chicago for 3 nights in July 2009. The room, the bathroom, the view, and the staff were all wonderful. I just wish the hotel were a few blocks North (on MI Ave). Sometimes, when you're tired, that extra couple of blocks seem like miles!",6.12,8.16,85.86000061,94.11,Genuine,Genuine,"The model predicted this review as 'Genuine' primarily because the features favoring authenticity outweighed those suggesting deception. The **readability_of_review** score of 85.86 contributed the most (+4.2391), indicating the review is clear and easy to understand, a hallmark of genuine reviews. The **proportion_of_emotional_content_in_review** score of 6.12 added strong evidence (+1.2990) for genuineness, reflecting the reviewer’s sincere appreciation for the hotel. The **proportion_of_adjectives_in_review** score of 8.16 also supported genuineness (+0.2543), as the descriptive language felt natural. While the **analytic_writing_style** score of 94.11 slightly pushed toward 'Deceptive' (-0.1162), its minimal impact was overshadowed by the other features, confirming the overall prediction of 'Genuine'.","{""proportion_of_emotional_content_in_review"": 1.299, ""proportion_of_adjectives_in_review"": 0.2543, ""readability_of_review"": 4.2391, ""analytic_writing_style"": -0.1162}",command-a-03-2025
36,"""The Hotel Allegro Chicago exceeded all of my expectations. The staff were friendly and welcoming, the room was spacious and well-appointed, and the hotel's location was ideal for experiencing all the city has to offer. I would definitely stay here again.""",4.88,4.88,47.596429,62.96,Genuine,Genuine,"The model predicted this review as 'Genuine' despite mixed evidence from the features, which on balance leaned toward 'Deceptive' with a combined contribution of -0.6664. The review's high **proportion of emotional content (4.8800)** strongly supported 'Genuine' with a contribution of **1.7817**, reflecting the reviewer's enthusiasm and personal experience. Similarly, the **proportion of adjectives (4.8800)** provided additional evidence for 'Genuine' with a contribution of **0.5346**, aligning with the descriptive language used in the review. However, the **readability score (47.5964)** contributed **-2.6317** toward 'Deceptive', suggesting the text might be overly polished, while the **analytic writing style (62.9600)** added **-0.3510**, further leaning toward 'Deceptive'. Despite these conflicting signals, the model ultimately classified the review as 'Genuine'.","{""proportion_of_emotional_content_in_review"": 1.7817, ""proportion_of_adjectives_in_review"": 0.5346, ""readability_of_review"": -2.6317, ""analytic_writing_style"": -0.351}",command-a-03-2025
37,"Stayed at the Monaco for a romantic weekend getaway and it was simply fantastic. Very convenient for walking to museums, shopping and park nearby. The room has a great box window that you can sit in and enjoy the view. We also requested a goldfish which was a pleasant surprise and added to the charm and uniqueness of the hotel. Helpful staff, wifi, Aveda products, decent restaurant downstairs for brunch, easy to get a taxi and nothing beats the location. I would definitely recommend staying at this hotel, for business or pleasure.",9.78,7.61,58.8730011,84.34,Deceptive,Deceptive,"The model predicted this review as 'Deceptive' primarily because the readability score of 58.8730 contributed significantly with a score of -1.7293, indicating it pushed the prediction toward 'Deceptive'. Additionally, the analytic writing style score of 84.3400 further supported this with a contribution of -0.3140, also favoring 'Deceptive'. While the high emotional content (9.7800) and proportion of adjectives (7.6100) provided evidence for 'Genuine' with contributions of 0.1863 and 0.3161 respectively, the features favoring 'Deceptive' outweighed these, with readability being the most influential factor. This suggests the review may be overly polished or structured in a way that aligns with deceptive patterns.","{""proportion_of_emotional_content_in_review"": 0.1863, ""proportion_of_adjectives_in_review"": 0.3161, ""readability_of_review"": -1.7293, ""analytic_writing_style"": -0.314}",command-a-03-2025
38,"I stayed at the hotel one night. The hotel is excellent, comparable quality than Marriott and Sheraton, perhaps superior, but the location is definitely much better. Whatever your trip purpose is, business or leisure, you can drop your bags and take a walk on the Magnificent mile. Loved it!",10.2,12.24,58.02600098,44.56,Deceptive,Deceptive,"The model predicted this review as 'Deceptive' primarily because the features favoring deception outweighed those pointing toward genuineness. The **proportion of emotional content (10.2000)** contributed the most with a score of **-0.9877**, suggesting the review may be overly effusive without substantive detail, like the broad claim of being ""perhaps superior"" to Marriott and Sheraton. The **high proportion of adjectives (12.2400)**, with a contribution of **-0.5441**, further indicates potential exaggeration, as seen in phrases like ""excellent"" and ""definitely much better."" Additionally, the **readability score (58.0260)** contributed **-1.9641**, implying the review might be too polished or formulaic, while the **analytic writing style (44.5600)** provided a weaker counterargument for genuineness with a contribution of **0.5657**. Together, these features explain why the model leaned toward 'Deceptive'.","{""proportion_of_emotional_content_in_review"": -0.9877, ""proportion_of_adjectives_in_review"": -0.5441, ""readability_of_review"": -1.9641, ""analytic_writing_style"": 0.5657}",command-a-03-2025
39,"""I recently stayed at the Hotel Allegro Chicago and was extremely impressed by the high level of service and comfort provided. The staff were friendly and attentive, the room was clean and well-appointed, and the location was perfect for exploring the city. I would highly recommend this hotel to anyone visiting Chicago.""",11.54,11.54,46.839182,74.95,Deceptive,Deceptive,"The model predicted this review as 'Deceptive' primarily due to several linguistic features. The **proportion of emotional content** (11.5400) contributed strongly toward 'Deceptive' with a score of -1.6022, suggesting the review may overuse emotional language to appear genuine. Similarly, the **proportion of adjectives** (11.5400) added evidence for 'Deceptive' with a score of -0.0455, indicating potential exaggeration in describing the hotel. The **readability score** (46.8392) was the most influential feature, contributing -2.6486 toward 'Deceptive,' which could imply the review is too polished or formulaic. Additionally, the **analytic writing style** (74.9500) provided further evidence for 'Deceptive' with a score of -0.3499, hinting at a lack of personal, genuine detail. Together, these features outweighed any counter-evidence, leading the model to classify the review as likely deceptive.","{""proportion_of_emotional_content_in_review"": -1.6022, ""proportion_of_adjectives_in_review"": -0.0455, ""readability_of_review"": -2.6486, ""analytic_writing_style"": -0.3499}",command-a-03-2025
40,"Stayed at the Sofitel Chicago Water Tower for 3 nights in early April 2007. Very convenient location just a block from all of the shopping on the Golden Mile. Good restaurant at the hotel serving a la carte breakfast different from the usual fare and with a nice French twist. Dinner at the restaurant was also good. Prices are reasonable. Room is comfortable, only problem was with a card access door lock that usually required several swipes before opening. Excellent service from the bellmen to the concierge and front desk staff. Would definitely stay here again if visiting Chicago. Concierge recommended a small van tour, which was excellent. However early April is too early to visit Chicago as popular activities such as the boat tour of the architecture of Chicago was not operating yet.",5.22,11.19,54.9980011,93.07,Genuine,Genuine,"The model predicted this review as 'Genuine' despite mixed evidence from the features, which on balance leaned toward 'Deceptive' with a combined contribution of -0.5509. The **proportion of emotional content (5.2200)** strongly supported 'Genuine' with a contribution of 1.7239, reflecting the reviewer’s personal experiences like the French twist in the breakfast and the concierge’s recommendation. The **proportion of adjectives (11.1900)** also weakly supported 'Genuine' with a contribution of 0.0491, aligning with descriptive phrases like ""comfortable room"" and ""excellent service."" However, the **readability score (54.9980)** provided strong evidence for 'Deceptive' with a contribution of -2.1848, suggesting the review’s clarity and simplicity might be atypical for genuine reviews. Additionally, the **analytic writing style (93.0700)** weakly supported 'Deceptive' with a contribution of -0.1390, possibly due to the structured and factual tone. Despite these conflicting signals, the model’s final prediction was 'Genuine.'","{""proportion_of_emotional_content_in_review"": 1.7239, ""proportion_of_adjectives_in_review"": 0.0491, ""readability_of_review"": -2.1848, ""analytic_writing_style"": -0.139}",command-a-03-2025
41,"""I had an amazing stay at the Homewood Suites by Hilton Chicago Downtown. The room was spacious and comfortable, and the staff was incredibly friendly and helpful. The location was also great, with easy access to all the best sights and sounds of the city. I would definitely stay here again.""",9.8,7.84,66.164338,69.58,Genuine,Genuine,"The model predicted this review as 'Genuine', despite the evidence from the features leaning slightly toward 'Deceptive' with a combined contribution of -0.6496. The **proportion of adjectives (7.8400)** contributed positively (0.2970), suggesting genuineness, likely due to the review's use of descriptive words like ""spacious,"" ""comfortable,"" and ""incredibly friendly."" However, the **proportion of emotional content (9.8000)** contributed negatively (-0.1629), hinting at potential deception, possibly because phrases like ""amazing stay"" and ""definitely stay here again"" could be seen as overly enthusiastic. Additionally, the **readability score (66.1643)** and **analytic writing style (69.5800)** both contributed negatively (-0.4917 and -0.2920, respectively), suggesting deceptive tendencies, perhaps due to the review's straightforward and polished tone. Overall, the evidence was mixed, tilting toward 'Deceptive', but the model still predicted 'Genuine'.","{""proportion_of_emotional_content_in_review"": -0.1629, ""proportion_of_adjectives_in_review"": 0.297, ""readability_of_review"": -0.4917, ""analytic_writing_style"": -0.292}",command-a-03-2025
42,"""My husband and I had a wonderful time at the InterContinental Chicago. The hotel is beautiful, with a great view of the city. The room was comfortable and clean, and the staff were very friendly and accommodating. We would definitely come back to this hotel.""",13.33,13.33,60.05625,71.95,Deceptive,Deceptive,"The model predicted this review as 'Deceptive' primarily because several features strongly suggested insincerity. The high **proportion of emotional content (13.3300)** contributed the most, with a score of **-1.7020**, indicating overly effusive language that might not align with genuine sentiment. Similarly, the **proportion of adjectives (13.3300)** scored **-0.6149**, suggesting the review relies too heavily on descriptive words rather than specific details. The **readability score (60.0562)**, with a contribution of **-1.6396**, implies the review is too polished or simplistic for an authentic experience. Lastly, the **analytic writing style (71.9500)** scored **-0.3041**, hinting at a detached, formulaic tone. Together, these features outweighed any evidence for genuineness, leading the model to classify the review as deceptive.","{""proportion_of_emotional_content_in_review"": -1.702, ""proportion_of_adjectives_in_review"": -0.6149, ""readability_of_review"": -1.6396, ""analytic_writing_style"": -0.3041}",command-a-03-2025
43,"The Conrad Hotel is a beautiful hotel. Our room was perfect and beautiful in every way. I was very impressed (and I am hard to please and have high standards). It was so clean, aesthetically pleasing, up to date, just gorgeous! I would definitely stay there again. I loved it. The location is superb too, attached to Nordstrom and Northbridge mall. Can't wait to go back!",13.64,15.15,77.10299683,14.87,Genuine,Genuine,"The model predicted this review as 'Genuine' primarily because the readability score of **77.1030** contributed **+4.0355**, strongly favoring authenticity, likely due to the review's clear and straightforward language. Additionally, the analytic writing style score of **14.8700** contributed **+3.1661**, further supporting genuineness by reflecting a balanced and thoughtful tone. While the high proportion of emotional content (**13.6400**) and adjectives (**15.1500**) contributed **-1.7145** and **-0.6958** respectively, suggesting potential exaggeration, the features favoring 'Genuine' outweighed these concerns, with readability being the most influential factor. The review's detailed, positive descriptions and enthusiasm align with these findings, tipping the prediction toward authenticity.","{""proportion_of_emotional_content_in_review"": -1.7145, ""proportion_of_adjectives_in_review"": -0.6958, ""readability_of_review"": 4.0355, ""analytic_writing_style"": 3.1661}",command-a-03-2025
44,"""I was so impressed with my stay at the Fairmont Chicago Millennium Park. The hotel is in a great location, close to many of the city's top sights. The room was clean, comfortable and well-appointed. The staff were friendly and went out of their way to make my stay enjoyable.""",12.0,18.0,74.458456,94.04,Genuine,Genuine,"The model predicted this review as 'Genuine' primarily because the readability score of 74.4585 strongly supported authenticity, contributing +3.9283 toward 'Genuine'. Additionally, the proportion of adjectives (18.0000) provided a small positive contribution of +0.0679, further favoring genuineness. While the proportion of emotional content (12.0000) contributed -1.6563 toward 'Deceptive' and the analytic writing style (94.0400) added a minor -0.1162, the features favoring 'Genuine' outweighed those pointing to deception. The high readability and balanced use of adjectives in the review text likely tipped the prediction in favor of authenticity.","{""proportion_of_emotional_content_in_review"": -1.6563, ""proportion_of_adjectives_in_review"": 0.0679, ""readability_of_review"": 3.9283, ""analytic_writing_style"": -0.1162}",command-a-03-2025
45,"We have stayed at several high end places in Chicago and this is still our favorite. Location is superb, staff are particularly gracious and welcoming without being cloying. Cornell, at the front desk, is unfailingly helpful as is the concierge. We love the extra room that a suite provides and if you join the frequent guest program, high speed internet is gratis, as is a breakfast beverage delivered along with the newspaper each morning at the time of your choosing. Bedding is of excellent quality and they offer truly amazing blackout curtains! We have never had a bad stay at this hotel.",9.8,8.82,57.68899918,58.5,Deceptive,Deceptive,"The model predicted this review as 'Deceptive' primarily due to the features that strongly indicated insincerity. The **readability_of_review** score of 57.6890 had the largest impact, contributing -2.0524 toward 'Deceptive', suggesting the text is overly polished or unnatural. Additionally, the **proportion_of_emotional_content_in_review** score of 9.8000 contributed -0.1629, implying the emotional tone might be exaggerated or insincere. While the **proportion_of_adjectives_in_review** score of 8.8200 provided a positive contribution of 0.2084, favoring 'Genuine', it wasn't enough to outweigh the deceptive signals. The **analytic_writing_style** score of 58.5000 also slightly favored 'Deceptive' with a contribution of -0.0923, further supporting the model's prediction.","{""proportion_of_emotional_content_in_review"": -0.1629, ""proportion_of_adjectives_in_review"": 0.2084, ""readability_of_review"": -2.0524, ""analytic_writing_style"": -0.0923}",command-a-03-2025
46,"""I had a great experience at the Homewood Suites by Hilton Chicago Downtown. The room was comfortable and well-appointed, and the staff was incredibly friendly and helpful. The location was also great, with easy access to all the best sights and sounds of the city. I would recommend this hotel to anyone visiting Chicago.""",11.11,9.26,57.51875,79.79,Deceptive,Deceptive,"The model predicted this review as 'Deceptive' primarily because the features favoring deception outweighed those suggesting genuineness. The **proportion of emotional content (11.1100)** contributed the most, with a score of **-1.5038**, indicating overly effusive language that might be typical of fake reviews. Additionally, the **readability score (57.5187)** contributed **-2.0557**, suggesting the review was written at a level that could be overly simplified or insincere. While the **proportion of adjectives (9.2600)** slightly favored genuineness with a contribution of **0.1852**, the **analytic writing style (79.7900)** further supported deception with a contribution of **-0.3550**. Together, these features, particularly the emotional content and readability, tipped the prediction toward 'Deceptive'.","{""proportion_of_emotional_content_in_review"": -1.5038, ""proportion_of_adjectives_in_review"": 0.1852, ""readability_of_review"": -2.0557, ""analytic_writing_style"": -0.355}",command-a-03-2025
47,"""The Sofitel Chicago Water Tower is an exceptional hotel with a great location. The staff were very friendly and helpful, the room was beautiful, clean and well-appointed, and the bed was extremely comfortable. The hotel's location is also perfect, close to many of the city's best restaurants and shops. I had a great stay and I would definitely recommend this hotel to others.""",15.87,15.87,53.12,61.53,Deceptive,Deceptive,"The model flagged this review as 'Deceptive' primarily due to a few key factors. Firstly, the review's high proportion of emotional content (15.87%) contributed negatively (-1.4338), suggesting an overly effusive tone that might be insincere. Similarly, the dense use of adjectives (15.87%) added another negative contribution (-0.5752), indicating potential exaggeration. The readability score (53.12) also played a significant role, pushing the prediction toward 'Deceptive' with a contribution of -2.4093, possibly due to the review's overly polished and simplistic language. Lastly, the analytic writing style (61.53) had a minor negative impact (-0.1376), hinting at a lack of personal, nuanced detail. Together, these features outweighed any evidence for genuineness, leading the model to predict 'Deceptive'.","{""proportion_of_emotional_content_in_review"": -1.4338, ""proportion_of_adjectives_in_review"": -0.5752, ""readability_of_review"": -2.4093, ""analytic_writing_style"": -0.1376}",command-a-03-2025
48,"""I had a great stay at the Amalfi Hotel Chicago. The room was comfortable and well-appointed, and the staff went above and beyond to make sure I had everything I needed. The location was great, with easy access to all the best attractions in the city. Highly recommend!""",8.33,8.33,66.637985,94.18,Genuine,Genuine,"The model predicted this review as 'Genuine' primarily because the high proportion of emotional content (8.3300) strongly favored authenticity, contributing +0.9781 toward the 'Genuine' prediction. Additionally, the moderate use of adjectives (8.3300) provided further evidence for genuineness with a contribution of +0.2405. While the readability score (66.6380) and analytic writing style (94.1800) slightly pushed the prediction toward 'Deceptive' with contributions of -0.0920 and -0.0836 respectively, their impact was minimal compared to the emotional content, which was the most influential feature. Overall, the features favoring 'Genuine' clearly outweighed those pointing toward 'Deceptive,' aligning with the final prediction.","{""proportion_of_emotional_content_in_review"": 0.9781, ""proportion_of_adjectives_in_review"": 0.2405, ""readability_of_review"": -0.092, ""analytic_writing_style"": -0.0836}",command-a-03-2025
49,"We loved the hotel. When I see other posts about it being shabby I can't for the life of me figure out what they are talking about. Rooms were large with TWO bathrooms, lobby was fabulous, pool was large with two hot tubs and huge gym, staff was courteous. For us, the location was great--across the street from Grant Park with a great view of Buckingham Fountain and close to all the museums and theatres. I'm sure others would rather be north of the river closer to the Magnificent Mile but we enjoyed the quieter and more scenic location. Got it for $105 on Hotwire. What a bargain for such a nice hotel.",7.02,13.16,77.64199829,80.4,Genuine,Genuine,"The model predicted this review as 'Genuine' primarily because the features favoring authenticity outweighed those suggesting deception. The **readability_of_review** score of 77.6420 contributed the most, with a positive score of 4.0756, indicating the review is easy to understand and aligns with genuine feedback. Additionally, the **proportion_of_emotional_content_in_review** score of 7.0200 added 1.2359, reflecting the reviewer's genuine enthusiasm, as seen in phrases like ""We loved the hotel"" and ""What a bargain."" While the **proportion_of_adjectives_in_review** (13.1600) contributed -0.6022, suggesting potential exaggeration, and **analytic_writing_style** (80.4000) added -0.3502, hinting at a more structured tone, these negative contributions were not strong enough to sway the prediction. Overall, the clarity, emotional tone, and readability of the review strongly supported its authenticity.","{""proportion_of_emotional_content_in_review"": 1.2359, ""proportion_of_adjectives_in_review"": -0.6022, ""readability_of_review"": 4.0756, ""analytic_writing_style"": -0.3502}",command-a-03-2025
50,"We have stayed here several times and have always found it to be clean with comfortable beds. We were given a choice of breakfast or free cocktails which we thought was a nice touch. Our room was small but adequate. Location was great, close to the L trains and also close to the train station as we always ""walk"" from Union Station.",8.06,12.9,81.96900177,36.92,Genuine,Genuine,"The model predicted this review as 'Genuine' primarily because the readability score of 81.9690 strongly favored authenticity, contributing +4.1890 to the prediction. Additionally, the proportion of emotional content (8.0600) added evidence for genuineness with a contribution of +1.0341, likely due to the reviewer's personal touch in mentioning their repeated stays and appreciation for the breakfast/cocktail choice. While the proportion of adjectives (12.9000) slightly pushed toward 'Deceptive' with a contribution of -0.5770, this was outweighed by the analytic writing style (36.9200), which further supported genuineness with a +0.4874 contribution. Overall, the features favoring 'Genuine' clearly outweighed the minor evidence for 'Deceptive'.","{""proportion_of_emotional_content_in_review"": 1.0341, ""proportion_of_adjectives_in_review"": -0.577, ""readability_of_review"": 4.189, ""analytic_writing_style"": 0.4874}",command-a-03-2025
51,"The Allegro in downtown Chicago is a great stay/ part of the Kimpton Group boutique hotels the Allegro offers a classy stay in a beautiful room for a moterate price/ they offer complimentary and decent wine gratis in the late afternoon and the hotel allows you access to everything the loop has to offer in this remarkable city. i would recommend parking outside of the downtown area and taking the 'EL' into the loop which leaves you about 2 minutes from the hotel/ otherwise you are looking at hefty parking fees for a car you dont need in this part of the city . the rooms are small but beautifully done with great colors,comfortable beds and in my case great views. if you go to kimpton group website and sign up for specials you will be alerted to great rates on certain days / kimpton does a great job and their properties are ""class acts""",7.14,7.14,46.35699844,93.32,Deceptive,Deceptive,"The model predicted this review as 'Deceptive' primarily due to the readability score of 46.3570, which strongly contributed -2.6577 toward 'Deceptive'. This suggests the review’s text complexity or structure aligns more with deceptive patterns. Additionally, the analytic writing style score of 93.3200 slightly pushed the prediction toward 'Deceptive' with a contribution of -0.1390. While the proportion of emotional content (7.1400) and adjectives (7.1400) provided evidence for 'Genuine' with contributions of 1.2166 and 0.4129 respectively, the features favoring 'Deceptive' outweighed these, leading to the final prediction.","{""proportion_of_emotional_content_in_review"": 1.2166, ""proportion_of_adjectives_in_review"": 0.4129, ""readability_of_review"": -2.6577, ""analytic_writing_style"": -0.139}",command-a-03-2025
52,I stayed here August 20 through 23rd with my sixteen year old son and we thoroughly enjoyed this hotel. The price was very reasonable for a hotel located right on Michigan Avenue. The front desk and concierge service was excellent and enhanced our stay by making it easy for us to plan fun activities. The John Entwistle theme on our floor was a nice touch. Any of you single fathers out there can appreciate how difficult it can be to take a fun affordable vacation with your children and The Hard Rock Hotel in Chicago really helped me accomplish just that!,9.9,9.9,58.1629982,69.32,Deceptive,Deceptive,"The model predicted this review as 'Deceptive' primarily due to the features favoring deception outweighing those for genuineness. The **readability_of_review** score of 58.1630 contributed the most, with a negative impact of -1.7965, suggesting the text is unusually easy to read, which can be a red flag. Additionally, the **proportion_of_emotional_content_in_review** score of 9.9000 (contribution -0.1849) and **analytic_writing_style** score of 69.3200 (contribution -0.2912) both provided evidence for deception, indicating overly emotional language and a structured writing style. While the **proportion_of_adjectives_in_review** score of 9.9000 (contribution 0.1262) slightly favored genuineness, it wasn’t enough to counterbalance the stronger deceptive signals.","{""proportion_of_emotional_content_in_review"": -0.1849, ""proportion_of_adjectives_in_review"": 0.1262, ""readability_of_review"": -1.7965, ""analytic_writing_style"": -0.2912}",command-a-03-2025
53,"""The Hilton Chicago is a great choice for a stay in the city. The rooms are well-appointed and comfortable, and the staff is friendly and helpful. The location is perfect for exploring the city, and I loved being close to all the best attractions. I would definitely stay here again.""",12.0,12.0,69.481985,82.95,Deceptive,Deceptive,"The model predicted this review as 'Deceptive' primarily because the features favoring deception outweighed those suggesting genuineness. The **proportion of emotional content (12.0000)** had the largest influence, contributing **-1.6563** toward 'Deceptive,' indicating overly positive sentiment without substantive detail. Similarly, the **proportion of adjectives (12.0000)** contributed **-0.5179**, suggesting the review relies heavily on vague praise like ""great choice"" and ""well-appointed."" While the **readability score (69.4820)** provided a positive contribution of **0.7616** toward 'Genuine,' the **analytic writing style (82.9500)** added **-0.3276** to 'Deceptive,' hinting at a formulaic, less personal tone. Together, these features explain why the model leaned toward 'Deceptive' despite some evidence of genuineness.","{""proportion_of_emotional_content_in_review"": -1.6563, ""proportion_of_adjectives_in_review"": -0.5179, ""readability_of_review"": 0.7616, ""analytic_writing_style"": -0.3276}",command-a-03-2025
54,"""I recently stayed at the Millennium Knickerbocker Hotel Chicago for a business trip and was thoroughly impressed. The rooms were comfortable and well-equipped, and the service was top-notch. The location is also perfect, right in the heart of the city, making it easy to get to all the main attractions. I would definitely stay here again.""",5.36,7.14,59.383017,80.2,Genuine,Genuine,"The model predicted this review as 'Genuine' despite mixed evidence from the features, which overall leaned slightly toward 'Deceptive' with a combined contribution of -0.1644. The **proportion of emotional content (5.3600)** strongly supported 'Genuine' with a contribution of 1.4647, reflecting the reviewer’s genuine enthusiasm about the hotel’s comfort and service. The **proportion of adjectives (7.1400)** also pointed toward 'Genuine' with a contribution of 0.4129, as the descriptive language (e.g., ""top-notch,"" ""perfect"") felt natural. However, the **readability score (59.3830)** provided evidence for 'Deceptive' with a contribution of -1.6902, suggesting the text was too polished, and the **analytic writing style (80.2000)** further leaned toward 'Deceptive' with a contribution of -0.3519, indicating a structured, less spontaneous tone. Despite these conflicting signals, the model’s final prediction was 'Genuine.'","{""proportion_of_emotional_content_in_review"": 1.4647, ""proportion_of_adjectives_in_review"": 0.4129, ""readability_of_review"": -1.6902, ""analytic_writing_style"": -0.3519}",command-a-03-2025
55,"""I had an amazing stay at the Sheraton Chicago Hotel and Towers. The hotel is in a great location, close to all the main attractions and the room was comfortable, clean, and well-appointed. The staff were friendly and attentive, and the hotel's fitness center was a great spot to keep up with my workout routine. I would definitely stay here again.""",11.48,13.11,65.567016,84.31,Deceptive,Deceptive,"The model flagged this review as 'Deceptive' primarily due to a combination of linguistic cues. The review's high proportion of emotional content (11.4800) and adjectives (13.1100) contributed the most to the deceptive prediction, with scores of -1.5904 and -0.6005, respectively. This suggests an overly enthusiastic tone, which can be a red flag. Additionally, the review's readability score (65.5670) and analytic writing style (84.3100) also provided evidence for deception, with contributions of -0.9610 and -0.3168, respectively, indicating a somewhat formulaic and less personal writing approach. These features, when considered together, outweighed any potential signs of genuineness, leading the model to predict the review as deceptive.","{""proportion_of_emotional_content_in_review"": -1.5904, ""proportion_of_adjectives_in_review"": -0.6005, ""readability_of_review"": -0.961, ""analytic_writing_style"": -0.3168}",command-a-03-2025
56,"""I had a fantastic stay at the Omni Chicago Hotel. The hotel is in a prime location, close to all the main attractions. The room was luxurious and well-appointed, and the staff were attentive and friendly. The hotel's restaurant and bar were also excellent, offering delicious food and drinks. I would definitely stay here again. The hotel's rooftop terrace was a great spot to relax and take in the views of the city.""",6.85,10.96,66.273423,85.27,Genuine,Genuine,"The model predicted this review as 'Genuine' primarily because the proportion of emotional content (6.8500) strongly favored authenticity, contributing +1.2669 toward 'Genuine'. The high proportion of adjectives (10.9600) also slightly supported genuineness with a +0.0539 contribution, reflecting the reviewer's detailed and positive descriptions of the hotel's amenities. While the readability score (66.2734) and analytic writing style (85.2700) both leaned toward 'Deceptive' with contributions of -0.4917 and -0.2842 respectively, their combined influence was outweighed by the emotional and descriptive elements. Overall, the review’s heartfelt tone and specific praise for the hotel’s features tipped the prediction in favor of 'Genuine'.","{""proportion_of_emotional_content_in_review"": 1.2669, ""proportion_of_adjectives_in_review"": 0.0539, ""readability_of_review"": -0.4917, ""analytic_writing_style"": -0.2842}",command-a-03-2025
57,"This hotel was great - In a great area right downtown and close to everything. The daily happy hour had great food, wine and premium liquors. The free breakfast was even better! Actually I believe everything was included breakfast/happy hour/business center/WiFi. Our room was a king size facing the back of the building. Really clean new and comfortable. Small touches such as books and cds to enjoy made the room feel less like a hotel - Would highly recommend.",13.75,17.5,70.44999695,78.28,Deceptive,Deceptive,"The model flagged this review as 'Deceptive' primarily due to the high proportion of emotional content (13.7500), which strongly contributed to the deceptive prediction with a score of -1.7184. While the review's readability (70.4500) and adjective usage (17.5000) slightly favored genuineness with positive contributions of 0.9830 and 0.1404 respectively, the analytic writing style (78.2800) also leaned toward deception, albeit with a smaller negative contribution of -0.3590. The emotional tone, despite the positive content, seems overly effusive and less authentic, outweighing the genuine signals from the review's structure and language variety.","{""proportion_of_emotional_content_in_review"": -1.7184, ""proportion_of_adjectives_in_review"": 0.1404, ""readability_of_review"": 0.983, ""analytic_writing_style"": -0.359}",command-a-03-2025
58,"Just returned from a week in Chicago with the family. This hotel was perfect for us. Location is great, kids loved the pool as a place to wind down after a day of museums, touring, ball games, etc. We checked in through Hilton Honors Desk as opposed to the regular check in line. Even though our reservations were through priceline at a reduced rate, they gave us a pick of the the rooms. The room had a large closet which helped with the amount of gear we had with us. Used valet parking which was hasselfree. We had a great experience and would stay there again.",6.6,4.72,81.62999725,94.65,Genuine,Genuine,"The model predicted this review as 'Genuine' primarily because several key features strongly supported authenticity. The **readability score of 81.63** contributed the most (+4.1841), indicating the review is easy to understand, typical of genuine feedback. Additionally, the **proportion of emotional content (6.60%)** added +1.2996, reflecting the reviewer’s genuine enthusiasm about the hotel experience, such as the kids enjoying the pool. The **analytic writing style (94.65)** further supported genuineness (+1.3390), as the review provides specific details like valet parking and room selection. Finally, the **proportion of adjectives (4.72%)** contributed +0.5459, showing balanced descriptive language without excessive praise, which aligns with honest reviews. Together, these features outweighed any potential red flags, confirming the prediction.","{""proportion_of_emotional_content_in_review"": 1.2996, ""proportion_of_adjectives_in_review"": 0.5459, ""readability_of_review"": 4.1841, ""analytic_writing_style"": 1.339}",command-a-03-2025
59,"My stay at the Ambassador East Hotel was excellent! The room was spacious, clean and well-appointed. The staff were friendly and helpful, and the location was perfect for visiting the city. I would highly recommend this hotel to anyone.",15.38,12.82,63.44,68.35,Deceptive,Deceptive,"The model flagged this review as 'Deceptive' primarily due to a few key linguistic patterns. Firstly, the review's high **proportion of emotional content (15.38%)** contributed the most (-1.6321) to the deceptive prediction, suggesting an overly enthusiastic tone. Similarly, the **abundance of adjectives (12.82%)** (-0.5702) and the **relatively low readability score (63.44)** (-1.2152) further raised suspicion, as genuine reviews often balance praise with more neutral language and simpler phrasing. Lastly, the **analytic writing style (68.35)** (-0.2838), while less influential, still leaned towards deception. These features collectively indicate a potential attempt to exaggerate the hotel's qualities, leading the model to predict this review as deceptive.","{""proportion_of_emotional_content_in_review"": -1.6321, ""proportion_of_adjectives_in_review"": -0.5702, ""readability_of_review"": -1.2152, ""analytic_writing_style"": -0.2838}",command-a-03-2025
60,"Stayed over Memorial Weekend for 2 nites, 2 rooms. Great Hotel, we always love breakfast in morning,and drinks in even when applicable. Around the corner from magnificent Mile,and close to lots of restaurants. Staff was great, we even checked in early before noon,and other room available less than hour later. Fresh fruit was available to us,and bell guys are cool. Suites are on small side compared to other homewoods but no complaints here, house cleaning kept our room clean,and we felt safe!",10.34,18.39,67.60399628,64.97,Deceptive,Deceptive,"The model predicted this review as 'Deceptive' primarily because the high proportion of emotional content (10.3400) strongly pushed the prediction toward 'Deceptive' with a contribution of -1.0285. Additionally, the analytic writing style (64.9700) provided further evidence for 'Deceptive' with a contribution of -0.3552. While the proportion of adjectives (18.3900) and readability score (67.6040) slightly favored 'Genuine' with contributions of 0.0622 and 0.2069 respectively, the features supporting 'Deceptive' outweighed these, leading to the final prediction. The emotional tone and writing style in the review, despite its positive content, were the most influential factors in this decision.","{""proportion_of_emotional_content_in_review"": -1.0285, ""proportion_of_adjectives_in_review"": 0.0622, ""readability_of_review"": 0.2069, ""analytic_writing_style"": -0.3552}",command-a-03-2025
61,"went to chicago for a week in may, decided to be good to ourselves and stay in the hilton, we were not disapointed. perhaps it was becuse there were quite a few conventions going on and a lot of people were only staying 1 or 2 nights but we got upgraged to exceutive level. we had 2 double beds with a bathroom each. they beds and pillows were too die for, so so comfy ant the end of a day when we seemed to have walked for miles. all the staff were very helpful. a lot of guests seemed to ignore the staff especially the chamber maids who they seemed to think they were in their way so perhaps that why some people felt these people were rude or unhelpful. about 2 blocks away on Harrison is a cafe called ""Orange"" which you have to make the only place you will have breakfast, the cafe and the staff are suberb. expect a 15 min wait on a sat & sun morning.",1.76,2.94,73.76300049,64.21,Genuine,Genuine,"The model predicted this review as 'Genuine' primarily because the features favoring authenticity outweighed those pointing toward deception, with a total contribution score of +7.8017. The most influential feature was the **proportion of emotional content (1.7600)**, contributing +3.0589, which aligns with the reviewer’s genuine enthusiasm about the hotel experience, such as describing the beds as ""too die for"" and praising the staff. The **proportion of adjectives (2.9400)** also supported genuineness with a contribution of +1.2083, reflecting the detailed and vivid descriptions like ""so so comfy"" and ""suberb."" Additionally, the **readability score (73.7630)** contributed +3.8870, indicating the review’s clear and natural tone, typical of authentic feedback. While the **analytic writing style (64.2100)** slightly pushed toward 'Deceptive' with a contribution of -0.3525, its impact was minimal compared to the stronger evidence for genuineness.","{""proportion_of_emotional_content_in_review"": 3.0589, ""proportion_of_adjectives_in_review"": 1.2083, ""readability_of_review"": 3.887, ""analytic_writing_style"": -0.3525}",command-a-03-2025
62,"I was completely blown away by this hotel. It was magnificent. I got a great deal and I am so happy that I stayed here. Before arriving I was nervous as I had read a few bad reviews about the impact the renovation was having on peoples stay, for example very noisy. However, whilst the renovation was still going on and the gym was not open nor the restaurant, it made no difference to me. My room was huge, bathroom was spacious with excellent water pressure, bed was perfect and the view was amazing. Hotel is so close to the great shops of Magnificent Mile, plus a comfortable walking distance to Hancock tower and Millennium Park.",10.34,13.79,64.55400085,32.86,Deceptive,Deceptive,"The model predicted this review as 'Deceptive' primarily because the features favoring deception outweighed those suggesting genuineness. The **proportion of emotional content (10.3400)** contributed the most, with a score of **-1.0285**, indicating excessive emotional language, which is often a red flag for deceptive reviews. Similarly, the **high proportion of adjectives (13.7900)** scored **-0.6356**, suggesting overly glowing descriptions, like ""magnificent"" and ""amazing,"" that could be insincere. Additionally, the **readability score (64.5540)** contributed **-1.0888**, implying the review was too polished for a typical genuine account. While the **analytic writing style (32.8600)** scored **0.5135** in favor of genuineness, its influence was not enough to counterbalance the stronger evidence for deception. Together, these features explain why the model leaned toward 'Deceptive'.","{""proportion_of_emotional_content_in_review"": -1.0285, ""proportion_of_adjectives_in_review"": -0.6356, ""readability_of_review"": -1.0888, ""analytic_writing_style"": 0.5135}",command-a-03-2025
63,"Stayed at the Chicago Hilton for three nights and from the minute we walked through the door I was very impressed. Check-in was quick, easy and I was very glad that we were able to check in despite being earlier than the advertised check-in time. We were given a twin room with two bathrooms which was brilliant. It made getting ready to go out much quicker! The hotel location is great opposite the park, which is a must see. Although located on South Michigan Ave it is easily within walking distance of all the shops and sights of the whole of Michigan Ave. Would also recommend the street one block back from Michigan Ave for good shopping. For breakfast I would recommend grabbing a muffin, croissant or bagel from the bar just past reception rather than going for the more expensive breakfast in the restaurant. For evening entertainment Kitty O'Sheas is a must. Typical Irish bar with good drinks and live music. Finally the bed at Hilton Chicago is the most comfortable bed ever. I would have taken it home if I could! Definately made for a good nights sleep.",5.76,8.38,68.83000183,86.36,Genuine,Genuine,"The model predicted this review as 'Genuine' primarily due to the high proportion of emotional content (5.7600), which contributed the most (+1.4165) toward the prediction. The review’s detailed, enthusiastic descriptions, like praising the bed and recommending specific spots, align with genuine emotional expression. The proportion of adjectives (8.3800) also supported genuineness (+0.2401), reflecting the reviewer’s vivid, personal experience. Additionally, the readability score (68.8300) contributed positively (+0.3087), as the review’s clear, conversational tone is typical of authentic feedback. While the analytic writing style (86.3600) slightly pushed toward 'Deceptive' (-0.2813), the features favoring 'Genuine' clearly outweighed this, confirming the prediction.","{""proportion_of_emotional_content_in_review"": 1.4165, ""proportion_of_adjectives_in_review"": 0.2401, ""readability_of_review"": 0.3087, ""analytic_writing_style"": -0.2813}",command-a-03-2025
64,"""The Hotel Monaco Chicago exceeded all my expectations. The location is perfect, right in the heart of the city and close to all the main attractions. The room was spacious and comfortable, and the staff were friendly and attentive. I couldn't have asked for a better experience. The hotel's rooftop terrace was a great spot to relax and take in the views of the city.""",9.23,12.31,66.089231,96.67,Genuine,Genuine,"The model predicted this review as 'Genuine' primarily because the features favoring authenticity outweighed those suggesting deception. The **proportion of emotional content (9.2300)** contributed **+0.8085**, strongly supporting 'Genuine' by reflecting the reviewer's genuine enthusiasm, as seen in phrases like ""exceeded all my expectations"" and ""couldn't have asked for a better experience."" Additionally, the **analytic writing style (96.6700)** contributed **+1.4667**, further favoring 'Genuine' due to the review's structured and detailed descriptions, such as the mention of the rooftop terrace and its views. While the **proportion of adjectives (12.3100)** contributed **-0.5479** (evidence for 'Deceptive') and the **readability score (66.0892)** contributed **-0.4917** (also evidence for 'Deceptive'), these were outweighed by the stronger positive contributions. The **analytic writing style** was the most influential feature, with the largest absolute contribution of **+1.4667**, reinforcing the prediction of 'Genuine.'","{""proportion_of_emotional_content_in_review"": 0.8085, ""proportion_of_adjectives_in_review"": -0.5479, ""readability_of_review"": -0.4917, ""analytic_writing_style"": 1.4667}",command-a-03-2025
